client timestamp,button,state,x,y
0,NoButton,Move,1179,935
17,NoButton,Move,1179,934
33,NoButton,Move,1177,930
50,NoButton,Move,1173,922
67,NoButton,Move,1166,903
84,NoButton,Move,1155,875
100,NoButton,Move,1146,853
117,NoButton,Move,1102,737
134,NoButton,Move,1070,640
150,NoButton,Move,1035,543
167,NoButton,Move,1012,479
184,NoButton,Move,984,406
200,NoButton,Move,968,368
217,NoButton,Move,951,332
234,NoButton,Move,944,318
250,NoButton,Move,939,308
267,NoButton,Move,937,304
284,NoButton,Move,937,303
594,NoButton,Move,936,303
602,NoButton,Move,932,303
616,NoButton,Move,927,302
632,NoButton,Move,916,298
649,NoButton,Move,890,286
666,NoButton,Move,868,275
683,NoButton,Move,847,265
699,NoButton,Move,837,259
716,NoButton,Move,827,252
733,NoButton,Move,821,248
750,NoButton,Move,817,245
767,NoButton,Move,815,243
784,NoButton,Move,814,243
800,NoButton,Move,813,243
994,NoButton,Move,813,243
1002,NoButton,Move,810,241
1017,NoButton,Move,806,238
1034,NoButton,Move,797,232
1051,NoButton,Move,776,218
1067,NoButton,Move,754,203
1084,NoButton,Move,733,188
1100,NoButton,Move,721,179
1117,NoButton,Move,714,174
1134,NoButton,Move,707,169
1150,NoButton,Move,703,167
1167,NoButton,Move,699,164
1184,NoButton,Move,695,162
1201,NoButton,Move,693,159
1217,NoButton,Move,691,158
1234,NoButton,Move,689,157
1250,NoButton,Move,688,155
1267,NoButton,Move,686,154
1284,NoButton,Move,685,153
1301,NoButton,Move,683,152
1321,NoButton,Move,681,150
1334,NoButton,Move,681,150
1351,NoButton,Move,679,149
1367,NoButton,Move,678,149
1384,NoButton,Move,677,148
1401,NoButton,Move,676,148
1417,NoButton,Move,675,148
1434,NoButton,Move,675,148
1450,NoButton,Move,674,148
1466,NoButton,Move,673,148
1483,NoButton,Move,672,148
1500,NoButton,Move,671,148
1517,NoButton,Move,670,148
1534,NoButton,Move,669,148
1550,NoButton,Move,669,148
1567,NoButton,Move,668,148
1584,NoButton,Move,666,148
1601,NoButton,Move,665,148
1617,NoButton,Move,664,148
1634,NoButton,Move,664,148
1666,LeftButton,Pressed,664,148
1796,NoButton,Move,665,148
1813,NoButton,Move,669,148
1830,NoButton,Move,680,148
1850,NoButton,Move,695,149
1867,NoButton,Move,712,151
1884,NoButton,Move,728,153
1901,NoButton,Move,743,156
1934,NoButton,Move,763,161
1951,NoButton,Move,772,164
1966,NoButton,Move,780,167
1984,NoButton,Move,786,169
2001,NoButton,Move,792,172
2017,NoButton,Move,796,175
2034,NoButton,Move,799,177
2050,NoButton,Move,801,178
2067,NoButton,Move,803,179
2084,NoButton,Move,804,180
2101,NoButton,Move,804,181
2117,NoButton,Move,805,182
2134,NoButton,Move,805,182
2151,NoButton,Move,806,183
2167,NoButton,Move,807,184
2184,NoButton,Move,807,185
2201,NoButton,Move,809,187
2218,NoButton,Move,810,189
2234,NoButton,Move,812,192
2251,NoButton,Move,814,194
2267,NoButton,Move,816,197
2284,NoButton,Move,818,199
2300,NoButton,Move,819,201
2317,NoButton,Move,820,202
2334,NoButton,Move,821,204
2351,NoButton,Move,822,205
2366,NoButton,Move,822,206
2384,NoButton,Move,823,207
2401,NoButton,Move,823,208
2417,NoButton,Move,824,209
2434,NoButton,Move,824,209
2451,NoButton,Move,824,210
2467,NoButton,Move,825,211
2485,NoButton,Move,825,211
2501,NoButton,Move,825,212
2517,NoButton,Move,825,212
2534,NoButton,Move,825,213
2551,NoButton,Move,825,214
2566,NoButton,Move,826,215
2584,NoButton,Move,826,215
2648,LeftButton,Released,826,215
2914,LeftButton,Pressed,826,215
3081,LeftButton,Released,826,215
3577,NoButton,Move,826,215
3601,NoButton,Move,826,216
3617,NoButton,Move,825,220
3634,NoButton,Move,821,232
3651,NoButton,Move,818,242
3667,NoButton,Move,816,249
3683,NoButton,Move,815,254
3700,NoButton,Move,815,257
3717,NoButton,Move,814,258
3734,NoButton,Move,813,261
4198,NoButton,Move,813,262
4218,NoButton,Move,813,267
4234,NoButton,Move,813,272
4250,NoButton,Move,813,277
4267,NoButton,Move,813,290
4284,NoButton,Move,813,295
4299,NoButton,Move,813,303
4317,NoButton,Move,813,308
4334,NoButton,Move,813,313
4350,NoButton,Move,813,314
4367,NoButton,Move,813,320
4383,NoButton,Move,813,320
4399,NoButton,Move,813,323
4417,NoButton,Move,813,330
4434,NoButton,Move,812,335
4450,NoButton,Move,811,342
4467,NoButton,Move,810,348
4484,NoButton,Move,809,354
4500,NoButton,Move,808,359
4517,NoButton,Move,808,363
4534,NoButton,Move,807,366
4550,NoButton,Move,806,369
4567,NoButton,Move,806,370
4584,NoButton,Move,805,372
4600,NoButton,Move,805,373
4617,NoButton,Move,804,375
4634,NoButton,Move,804,377
4651,NoButton,Move,803,379
4668,NoButton,Move,802,381
4684,NoButton,Move,802,384
4700,NoButton,Move,801,385
4716,NoButton,Move,801,388
4734,NoButton,Move,800,390
4750,NoButton,Move,799,391
4767,NoButton,Move,799,393
4784,NoButton,Move,798,394
4800,NoButton,Move,798,395
4817,NoButton,Move,798,396
4834,NoButton,Move,797,397
4850,NoButton,Move,797,397
4867,NoButton,Move,797,398
4884,NoButton,Move,797,399
4901,NoButton,Move,796,399
4918,NoButton,Move,796,399
4934,NoButton,Move,796,400
4951,NoButton,Move,796,400
4968,NoButton,Move,795,400
4984,NoButton,Move,795,401
5001,NoButton,Move,795,401
5017,NoButton,Move,795,402
5035,NoButton,Move,795,402
5050,NoButton,Move,794,403
5067,NoButton,Move,794,404
5084,NoButton,Move,793,405
5101,NoButton,Move,793,407
5117,NoButton,Move,792,408
5134,NoButton,Move,792,409
5150,NoButton,Move,792,409
5167,NoButton,Move,792,410
5183,NoButton,Move,792,410
5207,NoButton,Move,792,410
5233,NoButton,Move,791,410
5240,NoButton,Move,791,411
5306,NoButton,Move,791,411
5321,NoButton,Move,791,411
5367,NoButton,Move,791,411
5417,NoButton,Move,791,411
5469,NoButton,Move,791,411
5517,NoButton,Move,790,411
6146,NoButton,Move,790,411
6201,NoButton,Move,790,411
6251,NoButton,Move,790,411
6300,NoButton,Move,790,411
6355,NoButton,Move,790,410
6400,NoButton,Move,791,410
6417,NoButton,Move,791,410
6446,NoButton,Move,791,410
6453,NoButton,Move,791,410
6501,NoButton,Move,791,410
6517,NoButton,Move,791,409
6534,NoButton,Move,791,409
6559,NoButton,Move,792,409
6600,NoButton,Move,792,409
6649,NoButton,Move,792,409
6683,NoButton,Move,792,409
6717,NoButton,Move,793,409
6734,NoButton,Move,793,409
6751,NoButton,Move,793,409
6767,NoButton,Move,793,409
6784,NoButton,Move,794,409
6800,NoButton,Move,794,409
6817,NoButton,Move,794,409
6834,NoButton,Move,795,409
6851,NoButton,Move,795,409
6866,NoButton,Move,795,409
6884,NoButton,Move,795,409
6901,NoButton,Move,796,409
6917,NoButton,Move,796,410
6969,NoButton,Move,796,410
7198,NoButton,Move,796,409
7204,NoButton,Move,796,409
7220,NoButton,Move,796,409
7234,NoButton,Move,796,409
7251,NoButton,Move,796,408
7268,NoButton,Move,796,408
7284,NoButton,Move,796,407
7301,NoButton,Move,796,406
7318,NoButton,Move,795,405
7334,NoButton,Move,795,404
7351,NoButton,Move,795,403
7368,NoButton,Move,795,402
7384,NoButton,Move,795,402
7401,NoButton,Move,795,400
7417,NoButton,Move,795,398
7434,NoButton,Move,795,395
7451,NoButton,Move,795,392
7468,NoButton,Move,795,387
7484,NoButton,Move,795,382
7501,NoButton,Move,795,379
7517,NoButton,Move,795,371
7534,NoButton,Move,795,366
7551,NoButton,Move,795,363
7567,NoButton,Move,795,360
7584,NoButton,Move,795,357
7601,NoButton,Move,795,356
7617,NoButton,Move,795,355
7634,NoButton,Move,795,354
7650,NoButton,Move,795,353
7667,NoButton,Move,795,352
7684,NoButton,Move,795,351
7700,NoButton,Move,795,351
7717,NoButton,Move,795,350
7734,NoButton,Move,795,349
7751,NoButton,Move,795,348
7768,NoButton,Move,796,348
7784,NoButton,Move,796,347
7801,NoButton,Move,796,346
7817,NoButton,Move,796,346
7834,NoButton,Move,796,345
7851,NoButton,Move,796,345
7867,NoButton,Move,796,344
7884,NoButton,Move,796,343
7900,NoButton,Move,796,343
7917,NoButton,Move,796,343
7934,NoButton,Move,796,342
7950,NoButton,Move,796,342
7967,NoButton,Move,796,341
7984,NoButton,Move,796,340
8001,NoButton,Move,796,340
8017,NoButton,Move,796,339
8034,NoButton,Move,796,339
8050,NoButton,Move,796,338
8067,NoButton,Move,796,337
8084,NoButton,Move,796,337
8100,NoButton,Move,796,336
8117,NoButton,Move,796,335
8134,NoButton,Move,796,335
8151,NoButton,Move,796,334
8168,NoButton,Move,796,334
8184,NoButton,Move,796,333
8201,NoButton,Move,796,332
8217,NoButton,Move,796,332
8234,NoButton,Move,796,331
8251,NoButton,Move,796,331
8267,NoButton,Move,796,330
8284,NoButton,Move,796,329
8301,NoButton,Move,796,329
8317,NoButton,Move,796,328
8334,NoButton,Move,796,328
8351,NoButton,Move,796,328
8368,NoButton,Move,796,327
8385,NoButton,Move,796,326
8400,NoButton,Move,796,326
8417,NoButton,Move,796,325
8434,NoButton,Move,796,324
8450,NoButton,Move,796,324
8467,NoButton,Move,796,323
8484,NoButton,Move,796,323
8500,NoButton,Move,796,323
8517,NoButton,Move,796,322
8534,NoButton,Move,796,322
8549,NoButton,Move,796,321
8566,NoButton,Move,796,321
8584,NoButton,Move,796,321
8600,NoButton,Move,796,320
8617,NoButton,Move,796,320
8634,NoButton,Move,796,320
8651,NoButton,Move,796,319
8667,NoButton,Move,796,319
8684,NoButton,Move,796,319
8700,NoButton,Move,796,319
8717,NoButton,Move,796,318
8750,NoButton,Move,796,318
8767,NoButton,Move,795,318
8784,NoButton,Move,795,317
8800,NoButton,Move,795,317
8817,NoButton,Move,795,317
8850,NoButton,Move,795,316
9022,NoButton,Move,795,317
9034,NoButton,Move,795,317
9051,NoButton,Move,795,317
9067,NoButton,Move,795,318
9084,NoButton,Move,795,318
9101,NoButton,Move,795,319
9118,NoButton,Move,795,319
9134,NoButton,Move,795,319
9151,NoButton,Move,795,320
9167,NoButton,Move,795,321
9184,NoButton,Move,795,322
9199,NoButton,Move,795,322
9217,NoButton,Move,795,323
9234,NoButton,Move,795,323
9251,NoButton,Move,795,324
9266,NoButton,Move,795,325
9283,NoButton,Move,795,325
9300,NoButton,Move,794,326
9316,NoButton,Move,794,327
9334,NoButton,Move,794,327
9351,NoButton,Move,794,328
9367,NoButton,Move,794,329
9384,NoButton,Move,794,330
9400,NoButton,Move,794,331
9417,NoButton,Move,794,332
9434,NoButton,Move,794,333
9449,NoButton,Move,794,334
9466,NoButton,Move,793,334
9484,NoButton,Move,793,335
9500,NoButton,Move,793,337
9517,NoButton,Move,793,338
9534,NoButton,Move,793,338
9550,NoButton,Move,793,339
9567,NoButton,Move,793,340
9584,NoButton,Move,792,341
9600,NoButton,Move,792,342
9617,NoButton,Move,792,343
9634,NoButton,Move,792,344
9651,NoButton,Move,792,345
9667,NoButton,Move,792,345
9684,NoButton,Move,792,346
9701,NoButton,Move,792,347
9716,NoButton,Move,792,347
9733,NoButton,Move,792,348
9751,NoButton,Move,792,348
9767,NoButton,Move,792,349
9784,NoButton,Move,792,349
9801,NoButton,Move,792,350
9817,NoButton,Move,792,350
9834,NoButton,Move,792,351
9851,NoButton,Move,792,351
9867,NoButton,Move,792,352
9884,NoButton,Move,792,352
9901,NoButton,Move,792,353
9917,NoButton,Move,792,353
9934,NoButton,Move,792,354
9951,NoButton,Move,792,354
9967,NoButton,Move,792,355
9984,NoButton,Move,792,355
10001,NoButton,Move,792,355
10017,NoButton,Move,792,356
10034,NoButton,Move,792,356
10050,NoButton,Move,792,356
10067,NoButton,Move,792,356
10088,NoButton,Move,792,357
10134,NoButton,Move,792,357
10204,NoButton,Move,791,357
10416,NoButton,Move,791,357
10467,NoButton,Move,791,356
10489,NoButton,Move,791,356
10502,NoButton,Move,791,356
10518,NoButton,Move,791,356
10534,NoButton,Move,791,356
10551,NoButton,Move,791,355
10566,NoButton,Move,791,355
10583,NoButton,Move,791,355
10600,NoButton,Move,791,355
10616,NoButton,Move,791,354
10634,NoButton,Move,791,354
10651,NoButton,Move,791,354
10668,NoButton,Move,791,354
10692,NoButton,Move,791,353
10708,NoButton,Move,791,353
10751,NoButton,Move,791,353
10800,LeftButton,Pressed,791,353
10982,LeftButton,Released,791,353
11363,NoButton,Move,791,353
11401,NoButton,Move,791,353
11426,NoButton,Move,791,353
11468,NoButton,Move,791,352
11525,NoButton,Move,791,352
11695,NoButton,Move,791,352
11701,NoButton,Move,791,353
11717,NoButton,Move,791,353
11734,NoButton,Move,791,353
11751,NoButton,Move,791,354
11768,NoButton,Move,791,354
11784,NoButton,Move,791,355
11800,NoButton,Move,791,355
11817,NoButton,Move,791,356
11834,NoButton,Move,791,358
11850,NoButton,Move,791,362
11867,NoButton,Move,791,367
11884,NoButton,Move,790,372
11901,NoButton,Move,789,378
11917,NoButton,Move,787,384
11935,NoButton,Move,786,389
11951,NoButton,Move,785,395
11967,NoButton,Move,784,401
11984,NoButton,Move,782,407
12001,NoButton,Move,781,412
12017,NoButton,Move,780,418
12034,NoButton,Move,779,423
12051,NoButton,Move,778,428
12067,NoButton,Move,777,434
12084,NoButton,Move,777,437
12101,NoButton,Move,776,440
12117,NoButton,Move,776,443
12134,NoButton,Move,775,446
12150,NoButton,Move,775,448
12167,NoButton,Move,775,450
12184,NoButton,Move,775,452
12200,NoButton,Move,774,453
12217,NoButton,Move,774,455
12234,NoButton,Move,774,456
12250,NoButton,Move,774,456
12268,NoButton,Move,774,457
12284,NoButton,Move,774,458
12300,NoButton,Move,774,458
12317,NoButton,Move,774,459
12334,NoButton,Move,774,459
12350,NoButton,Move,774,460
12367,NoButton,Move,774,460
12384,NoButton,Move,774,461
12401,NoButton,Move,774,461
12418,NoButton,Move,774,461
12434,NoButton,Move,774,462
12451,NoButton,Move,774,462
12468,NoButton,Move,774,462
12966,NoButton,Move,774,462
12984,NoButton,Move,775,459
13001,NoButton,Move,778,456
13018,NoButton,Move,780,451
13034,NoButton,Move,782,446
13051,NoButton,Move,786,439
13066,NoButton,Move,788,434
13083,NoButton,Move,790,427
13100,NoButton,Move,793,418
13117,NoButton,Move,796,409
13134,NoButton,Move,799,399
13151,NoButton,Move,801,390
13168,NoButton,Move,802,387
13184,NoButton,Move,804,373
13201,NoButton,Move,805,370
13217,NoButton,Move,806,368
13234,NoButton,Move,806,367
13250,NoButton,Move,806,365
13267,NoButton,Move,806,364
13284,NoButton,Move,806,362
13301,NoButton,Move,806,358
13317,NoButton,Move,806,355
13334,NoButton,Move,806,351
13351,NoButton,Move,806,346
13367,NoButton,Move,806,343
13384,NoButton,Move,806,341
13400,NoButton,Move,806,339
13417,NoButton,Move,805,338
13434,NoButton,Move,805,337
13451,NoButton,Move,805,336
13466,NoButton,Move,805,335
13484,NoButton,Move,805,335
13501,NoButton,Move,804,334
13516,NoButton,Move,804,334
13534,NoButton,Move,804,333
13551,NoButton,Move,803,333
13568,NoButton,Move,803,332
13584,NoButton,Move,803,332
13600,NoButton,Move,802,331
13617,NoButton,Move,802,331
13634,NoButton,Move,802,330
13651,NoButton,Move,801,330
13667,NoButton,Move,801,330
13684,NoButton,Move,800,329
13701,NoButton,Move,800,328
13717,NoButton,Move,800,328
13734,NoButton,Move,799,327
13751,NoButton,Move,799,326
13767,NoButton,Move,798,326
13784,NoButton,Move,798,325
13800,NoButton,Move,798,324
13817,NoButton,Move,797,323
13834,NoButton,Move,797,323
13850,NoButton,Move,796,322
13867,NoButton,Move,796,321
13884,NoButton,Move,796,321
13901,NoButton,Move,795,320
13917,NoButton,Move,795,320
13934,NoButton,Move,795,319
13951,NoButton,Move,795,319
13966,NoButton,Move,795,318
13983,NoButton,Move,794,318
14000,NoButton,Move,794,317
14018,NoButton,Move,794,317
14034,NoButton,Move,794,316
14051,NoButton,Move,794,316
14067,NoButton,Move,793,316
14084,NoButton,Move,793,315
14100,NoButton,Move,793,315
14117,NoButton,Move,793,315
14134,NoButton,Move,793,314
14151,NoButton,Move,793,314
14167,NoButton,Move,793,314
14185,NoButton,Move,793,313
14201,NoButton,Move,793,313
14217,NoButton,Move,793,313
14234,NoButton,Move,793,312
14251,NoButton,Move,793,312
14268,NoButton,Move,793,311
14284,NoButton,Move,793,311
14300,NoButton,Move,793,310
14317,NoButton,Move,792,310
14334,NoButton,Move,792,310
14350,NoButton,Move,792,309
14367,NoButton,Move,792,309
14384,NoButton,Move,792,308
14400,NoButton,Move,792,308
14417,NoButton,Move,792,308
14434,NoButton,Move,792,307
14450,NoButton,Move,792,307
14467,NoButton,Move,792,307
14484,NoButton,Move,792,306
14501,NoButton,Move,792,306
14517,NoButton,Move,792,306
14774,NoButton,Move,792,305
14790,NoButton,Move,792,305
15077,NoButton,Move,792,306
15100,NoButton,Move,792,306
15117,NoButton,Move,792,306
15134,NoButton,Move,792,307
15151,NoButton,Move,792,307
15167,NoButton,Move,792,308
15184,NoButton,Move,792,308
15201,NoButton,Move,792,309
15217,NoButton,Move,792,309
15234,NoButton,Move,791,310
15251,NoButton,Move,791,311
15267,NoButton,Move,791,312
15284,NoButton,Move,791,313
15300,NoButton,Move,791,313
15317,NoButton,Move,791,314
15334,NoButton,Move,791,315
15350,NoButton,Move,791,316
15367,NoButton,Move,791,316
15384,NoButton,Move,791,317
15401,NoButton,Move,791,318
15417,NoButton,Move,791,320
15434,NoButton,Move,791,321
15450,NoButton,Move,791,323
15467,NoButton,Move,791,324
15484,NoButton,Move,791,326
15501,NoButton,Move,791,327
15517,NoButton,Move,790,329
15534,NoButton,Move,790,332
15551,NoButton,Move,790,336
15567,NoButton,Move,790,341
15584,NoButton,Move,790,349
15600,NoButton,Move,789,356
15617,NoButton,Move,788,362
15634,NoButton,Move,787,370
15650,NoButton,Move,786,378
15667,NoButton,Move,785,384
15684,NoButton,Move,783,394
15700,NoButton,Move,783,403
15717,NoButton,Move,781,414
15734,NoButton,Move,781,427
15751,NoButton,Move,780,438
15768,NoButton,Move,779,459
15784,NoButton,Move,779,471
15801,NoButton,Move,779,484
15817,NoButton,Move,779,495
15834,NoButton,Move,779,503
15851,NoButton,Move,779,513
15867,NoButton,Move,779,521
15884,NoButton,Move,779,528
15900,NoButton,Move,779,532
15917,NoButton,Move,779,535
15934,NoButton,Move,779,537
15951,NoButton,Move,779,539
15967,NoButton,Move,779,539
15984,NoButton,Move,779,540
16000,NoButton,Move,779,540
16017,NoButton,Move,779,541
16067,NoButton,Move,779,541
16084,NoButton,Move,779,541
16102,NoButton,Move,779,541
16119,NoButton,Move,778,541
16134,NoButton,Move,778,541
16151,NoButton,Move,778,540
16167,NoButton,Move,777,539
16185,NoButton,Move,776,537
16201,NoButton,Move,775,533
16217,NoButton,Move,774,530
16234,NoButton,Move,771,521
16251,NoButton,Move,770,508
16267,NoButton,Move,767,487
16283,NoButton,Move,765,462
16300,NoButton,Move,764,450
16316,NoButton,Move,764,433
16334,NoButton,Move,763,414
16351,NoButton,Move,763,409
16367,NoButton,Move,763,405
16384,NoButton,Move,762,401
16401,NoButton,Move,762,395
16418,NoButton,Move,762,385
16434,NoButton,Move,762,374
16451,NoButton,Move,762,360
16467,NoButton,Move,762,345
16484,NoButton,Move,762,337
16501,NoButton,Move,762,329
16517,NoButton,Move,762,321
16534,NoButton,Move,762,319
16551,NoButton,Move,762,317
16567,NoButton,Move,762,316
16584,NoButton,Move,762,315
16600,NoButton,Move,762,314
16617,NoButton,Move,762,313
16634,NoButton,Move,762,313
16650,NoButton,Move,762,312
16667,NoButton,Move,762,311
16684,NoButton,Move,762,311
16701,NoButton,Move,762,311
16717,NoButton,Move,762,310
16734,NoButton,Move,762,310
16750,NoButton,Move,762,310
16767,NoButton,Move,762,310
16784,NoButton,Move,762,309
16800,NoButton,Move,762,309
16817,NoButton,Move,762,309
16834,NoButton,Move,762,308
16850,NoButton,Move,762,308
16868,NoButton,Move,762,307
16884,NoButton,Move,762,307
16901,NoButton,Move,762,307
16951,NoButton,Move,762,306
17015,NoButton,Move,762,306
17080,NoButton,Move,762,307
17088,NoButton,Move,762,307
17101,NoButton,Move,762,308
17117,NoButton,Move,762,309
17134,NoButton,Move,762,311
17151,NoButton,Move,762,313
17167,NoButton,Move,762,315
17184,NoButton,Move,762,317
17201,NoButton,Move,762,321
17218,NoButton,Move,762,341
17234,NoButton,Move,761,359
17251,NoButton,Move,759,387
17268,NoButton,Move,756,419
17284,NoButton,Move,753,448
17301,NoButton,Move,749,473
17317,NoButton,Move,746,499
17334,NoButton,Move,742,524
17351,NoButton,Move,736,548
17367,NoButton,Move,732,569
17384,NoButton,Move,728,581
17400,NoButton,Move,724,600
17416,NoButton,Move,718,618
17434,NoButton,Move,711,642
19795,NoButton,Move,712,642
19817,NoButton,Move,717,642
19834,NoButton,Move,722,642
19850,NoButton,Move,726,642
19867,NoButton,Move,732,642
19884,NoButton,Move,739,642
19901,NoButton,Move,750,644
19917,NoButton,Move,759,645
19934,NoButton,Move,770,648
19951,NoButton,Move,778,650
19967,NoButton,Move,789,653
19984,NoButton,Move,802,657
20001,NoButton,Move,812,660
20018,NoButton,Move,823,664
20034,NoButton,Move,832,668
20051,NoButton,Move,841,674
20067,NoButton,Move,851,682
20084,NoButton,Move,861,694
20101,NoButton,Move,869,708
20331,NoButton,Move,870,708
20340,NoButton,Move,873,708
20350,NoButton,Move,878,708
20367,NoButton,Move,890,712
20384,NoButton,Move,913,720
20400,NoButton,Move,946,733
20417,NoButton,Move,978,748
20434,NoButton,Move,1013,766
20450,NoButton,Move,1035,780
20467,NoButton,Move,1062,797
20483,NoButton,Move,1084,814
20500,NoButton,Move,1100,826
20517,NoButton,Move,1113,837
20534,NoButton,Move,1122,848
20550,NoButton,Move,1130,859
20567,NoButton,Move,1133,865
20584,NoButton,Move,1135,868
20600,NoButton,Move,1136,871
20617,NoButton,Move,1136,872
20634,NoButton,Move,1136,872
20651,NoButton,Move,1136,873
20699,NoButton,Move,1136,873
20716,NoButton,Move,1135,873
20733,NoButton,Move,1135,873
20751,NoButton,Move,1135,873
20768,NoButton,Move,1134,873
20796,NoButton,Move,1134,873
20804,NoButton,Move,1134,873
20817,NoButton,Move,1134,874
20834,NoButton,Move,1136,877
20851,NoButton,Move,1142,884
20868,NoButton,Move,1154,897
20883,NoButton,Move,1168,911
20902,NoButton,Move,1174,918
20918,NoButton,Move,1181,925
20934,NoButton,Move,1182,926
20951,NoButton,Move,1183,927
20967,NoButton,Move,1183,927
20985,NoButton,Move,1183,927
21050,NoButton,Move,1182,927
21067,NoButton,Move,1181,926
21084,NoButton,Move,1179,924
21101,NoButton,Move,1166,916
21117,NoButton,Move,1154,906
21134,NoButton,Move,1139,893
21151,NoButton,Move,1124,881
21167,NoButton,Move,1114,871
21184,NoButton,Move,1108,866
21201,NoButton,Move,1101,861
21218,NoButton,Move,1095,856
21233,NoButton,Move,1090,852
21251,NoButton,Move,1086,848
21267,NoButton,Move,1078,841
21283,NoButton,Move,1074,836
21300,NoButton,Move,1067,829
21317,NoButton,Move,1059,821
21334,NoButton,Move,1053,816
21350,NoButton,Move,1048,812
21367,NoButton,Move,1044,809
21384,NoButton,Move,1041,805
21399,NoButton,Move,1035,800
21417,NoButton,Move,1031,797
21434,NoButton,Move,1026,794
21450,NoButton,Move,1022,791
21467,NoButton,Move,1018,788
21483,NoButton,Move,1016,787
21501,NoButton,Move,1014,786
21517,NoButton,Move,1013,786
21534,NoButton,Move,1011,785
21551,NoButton,Move,1010,785
21567,NoButton,Move,1009,784
21585,NoButton,Move,1009,784
21601,NoButton,Move,1008,784
21617,NoButton,Move,1008,783
21633,NoButton,Move,1007,783
21651,NoButton,Move,1007,783
21668,NoButton,Move,1006,783
21684,NoButton,Move,1006,783
21734,LeftButton,Pressed,1006,783
22615,LeftButton,Released,1010,819
22616,NoButton,Move,1010,819
22939,NoButton,Move,1012,819
22950,NoButton,Move,1016,819
22967,NoButton,Move,1034,827
22984,NoButton,Move,1057,839
23001,NoButton,Move,1079,852
23017,NoButton,Move,1094,861
23034,NoButton,Move,1108,870
23051,NoButton,Move,1116,875
23068,NoButton,Move,1121,878
23084,NoButton,Move,1122,879
23101,NoButton,Move,1123,880
23117,NoButton,Move,1124,881
23134,NoButton,Move,1124,881
23193,NoButton,Move,1125,881
23371,NoButton,Move,1123,881
23384,NoButton,Move,1117,879
23401,NoButton,Move,1104,872
23418,NoButton,Move,1075,855
23435,NoButton,Move,1048,838
23451,NoButton,Move,1028,825
23468,NoButton,Move,1007,809
23484,NoButton,Move,990,796
23499,NoButton,Move,977,785
23516,NoButton,Move,967,776
23534,NoButton,Move,957,769
23552,NoButton,Move,951,765
23567,NoButton,Move,947,762
23584,NoButton,Move,944,761
23601,NoButton,Move,943,760
23617,NoButton,Move,942,760
23634,NoButton,Move,941,760
23650,NoButton,Move,941,760
23667,NoButton,Move,940,760
23684,NoButton,Move,940,760
23701,NoButton,Move,939,760
23717,NoButton,Move,939,760
23734,NoButton,Move,939,760
23751,NoButton,Move,939,761
23767,NoButton,Move,939,761
23784,NoButton,Move,939,762
23801,NoButton,Move,939,762
23817,NoButton,Move,940,763
23834,NoButton,Move,941,763
23850,NoButton,Move,942,765
23868,NoButton,Move,942,766
23884,NoButton,Move,942,769
23901,NoButton,Move,942,772
23917,NoButton,Move,942,776
23934,NoButton,Move,942,780
23950,NoButton,Move,942,784
23967,NoButton,Move,942,788
23984,NoButton,Move,942,792
24001,NoButton,Move,942,795
24017,NoButton,Move,942,798
24034,NoButton,Move,942,799
24051,NoButton,Move,942,800
24067,NoButton,Move,942,801
24084,NoButton,Move,942,801
24098,LeftButton,Pressed,942,801
24117,NoButton,Move,942,801
24235,LeftButton,Released,942,801
24503,NoButton,Move,942,801
24517,NoButton,Move,945,801
24534,NoButton,Move,950,800
24550,NoButton,Move,959,800
24567,NoButton,Move,965,800
24584,NoButton,Move,977,799
24601,NoButton,Move,980,799
24617,NoButton,Move,987,799
24634,NoButton,Move,991,799
24650,NoButton,Move,994,799
24667,NoButton,Move,996,799
24684,NoButton,Move,998,799
24701,NoButton,Move,999,799
24717,NoButton,Move,1000,799
24734,NoButton,Move,1000,799
24751,NoButton,Move,1001,799
24768,NoButton,Move,1002,798
24784,NoButton,Move,1002,798
24800,NoButton,Move,1003,798
24818,NoButton,Move,1003,798
24834,NoButton,Move,1003,798
24851,NoButton,Move,1003,798
24867,NoButton,Move,1004,798
24884,NoButton,Move,1004,798
24903,NoButton,Move,1004,798
24918,NoButton,Move,1004,798
24934,NoButton,Move,1004,797
24950,NoButton,Move,1005,797
24967,NoButton,Move,1005,797
24984,NoButton,Move,1005,796
25001,NoButton,Move,1005,796
25017,NoButton,Move,1005,795
25034,NoButton,Move,1005,795
25051,NoButton,Move,1006,794
25068,NoButton,Move,1006,794
25084,NoButton,Move,1006,793
25101,NoButton,Move,1007,792
25118,NoButton,Move,1007,791
25134,NoButton,Move,1008,791
25151,NoButton,Move,1008,790
25168,NoButton,Move,1009,790
25184,NoButton,Move,1010,789
25200,NoButton,Move,1011,788
25218,NoButton,Move,1011,788
25234,NoButton,Move,1012,788
25251,NoButton,Move,1013,788
25267,NoButton,Move,1013,787
25284,NoButton,Move,1013,787
25301,NoButton,Move,1014,787
25317,NoButton,Move,1014,786
25334,NoButton,Move,1015,786
25351,NoButton,Move,1015,786
25367,NoButton,Move,1015,786
25385,NoButton,Move,1015,786
25416,NoButton,Move,1015,785
25490,NoButton,Move,1015,785
25556,NoButton,Move,1015,785
25884,LeftButton,Pressed,1015,785
26133,LeftButton,Released,1015,785
26533,NoButton,Move,1015,785
26550,NoButton,Move,1015,785
26568,NoButton,Move,1016,785
26585,NoButton,Move,1018,786
26600,NoButton,Move,1020,786
26617,NoButton,Move,1022,787
26633,NoButton,Move,1025,788
26650,NoButton,Move,1028,789
26667,NoButton,Move,1029,789
26684,NoButton,Move,1030,789
26701,NoButton,Move,1032,789
26717,NoButton,Move,1032,789
26734,NoButton,Move,1032,790
26751,NoButton,Move,1033,790
26767,NoButton,Move,1033,790
26907,NoButton,Move,1033,790
26917,NoButton,Move,1032,790
26934,NoButton,Move,1032,790
26951,NoButton,Move,1031,789
26966,NoButton,Move,1030,789
26984,NoButton,Move,1030,789
27001,NoButton,Move,1029,789
27017,NoButton,Move,1029,789
27034,NoButton,Move,1028,789
27051,NoButton,Move,1028,789
27068,NoButton,Move,1027,789
27084,NoButton,Move,1026,789
27102,NoButton,Move,1026,789
27118,NoButton,Move,1025,789
27134,NoButton,Move,1024,789
27151,NoButton,Move,1023,789
27167,NoButton,Move,1023,789
27185,NoButton,Move,1022,789
27201,NoButton,Move,1021,789
27218,NoButton,Move,1020,788
27234,NoButton,Move,1020,788
27251,NoButton,Move,1019,788
27267,NoButton,Move,1019,788
27284,NoButton,Move,1019,788
27301,NoButton,Move,1018,788
27318,NoButton,Move,1018,788
27334,NoButton,Move,1018,788
27350,NoButton,Move,1017,788
27367,NoButton,Move,1017,788
27384,NoButton,Move,1017,788
27404,NoButton,Move,1017,788
27420,NoButton,Move,1016,788
27445,NoButton,Move,1016,787
27462,NoButton,Move,1016,787
27498,LeftButton,Pressed,1016,787
27698,LeftButton,Released,1016,787
28074,NoButton,Move,1016,787
28097,NoButton,Move,1016,787
28117,NoButton,Move,1015,787
28134,NoButton,Move,1015,787
28150,NoButton,Move,1015,787
28168,NoButton,Move,1015,787
28187,NoButton,Move,1015,786
28200,NoButton,Move,1014,786
28219,NoButton,Move,1014,786
28234,NoButton,Move,1014,786
28251,NoButton,Move,1014,786
28268,NoButton,Move,1014,786
28284,NoButton,Move,1013,785
28301,NoButton,Move,1013,785
28317,NoButton,Move,1013,785
28334,NoButton,Move,1013,785
28357,NoButton,Move,1012,785
28382,NoButton,Move,1012,785
28416,NoButton,Move,1012,785
28499,LeftButton,Pressed,1012,785
28714,LeftButton,Released,1012,785
29061,NoButton,Move,1012,785
29085,NoButton,Move,1012,785
29101,NoButton,Move,1012,786
29117,NoButton,Move,1012,787
29134,NoButton,Move,1013,787
29151,NoButton,Move,1015,790
29167,NoButton,Move,1019,798
29184,NoButton,Move,1023,805
29200,NoButton,Move,1027,811
29217,NoButton,Move,1029,817
29234,NoButton,Move,1030,820
29250,NoButton,Move,1031,821
29267,NoButton,Move,1032,822
29284,NoButton,Move,1032,822
29301,NoButton,Move,1032,823
29350,NoButton,Move,1032,823
29401,NoButton,Move,1031,823
29418,NoButton,Move,1031,822
29434,NoButton,Move,1030,822
29451,NoButton,Move,1030,821
29468,NoButton,Move,1030,820
29484,NoButton,Move,1029,819
29501,NoButton,Move,1029,819
29518,NoButton,Move,1029,818
29534,NoButton,Move,1028,817
29551,NoButton,Move,1028,817
29568,NoButton,Move,1028,816
29584,NoButton,Move,1027,815
29601,NoButton,Move,1027,814
29617,NoButton,Move,1026,813
29634,NoButton,Move,1025,812
29651,NoButton,Move,1024,810
29667,NoButton,Move,1023,809
29684,NoButton,Move,1022,807
29701,NoButton,Move,1021,805
29718,NoButton,Move,1019,802
29734,NoButton,Move,1018,799
29750,NoButton,Move,1017,797
29767,NoButton,Move,1016,796
29784,NoButton,Move,1016,795
29801,NoButton,Move,1015,795
29818,NoButton,Move,1015,795
29868,NoButton,Move,1015,795
29897,NoButton,Move,1015,795
29904,NoButton,Move,1015,795
29917,NoButton,Move,1015,796
29934,NoButton,Move,1015,797
29951,NoButton,Move,1014,798
29967,NoButton,Move,1014,799
29984,NoButton,Move,1014,800
30000,NoButton,Move,1013,801
30016,NoButton,Move,1013,802
30034,NoButton,Move,1013,803
30051,NoButton,Move,1013,803
30068,NoButton,Move,1012,804
30084,NoButton,Move,1012,805
30100,NoButton,Move,1012,805
30117,NoButton,Move,1012,806
30134,NoButton,Move,1011,806
30150,NoButton,Move,1011,806
30167,NoButton,Move,1011,806
30181,LeftButton,Pressed,1011,806
30197,NoButton,Move,1011,807
30348,LeftButton,Released,1011,807
30683,LeftButton,Pressed,1011,807
30899,NoButton,Move,1011,807
30917,NoButton,Move,1012,807
30934,NoButton,Move,1013,807
30951,NoButton,Move,1014,807
30968,NoButton,Move,1016,808
30984,NoButton,Move,1018,809
31001,NoButton,Move,1021,811
31018,NoButton,Move,1024,813
31034,NoButton,Move,1026,814
31051,NoButton,Move,1028,816
31068,NoButton,Move,1031,818
31084,NoButton,Move,1034,819
31101,NoButton,Move,1037,821
31117,NoButton,Move,1041,824
31134,NoButton,Move,1045,826
31151,NoButton,Move,1049,828
31168,NoButton,Move,1052,830
31184,NoButton,Move,1055,832
31201,NoButton,Move,1058,834
31218,NoButton,Move,1061,836
31234,NoButton,Move,1063,838
31251,NoButton,Move,1066,840
31268,NoButton,Move,1069,842
31284,NoButton,Move,1072,843
31301,NoButton,Move,1075,845
31318,NoButton,Move,1078,847
31334,NoButton,Move,1081,849
31351,NoButton,Move,1085,851
31368,NoButton,Move,1088,853
31384,NoButton,Move,1091,855
31400,NoButton,Move,1094,857
31418,NoButton,Move,1096,858
31435,NoButton,Move,1098,859
31451,NoButton,Move,1101,861
31468,NoButton,Move,1103,862
31484,NoButton,Move,1105,863
31501,NoButton,Move,1107,864
31517,NoButton,Move,1108,864
31534,NoButton,Move,1109,865
31551,NoButton,Move,1109,865
31569,NoButton,Move,1110,865
31584,NoButton,Move,1110,865
31601,NoButton,Move,1111,866
31617,NoButton,Move,1111,866
31634,NoButton,Move,1111,866
31651,NoButton,Move,1112,866
31667,NoButton,Move,1112,866
31684,NoButton,Move,1112,866
31701,NoButton,Move,1113,866
31718,NoButton,Move,1113,866
31734,NoButton,Move,1113,867
31764,NoButton,Move,1113,867
31781,NoButton,Move,1113,867
32149,NoButton,Move,1113,867
32168,NoButton,Move,1112,866
32185,NoButton,Move,1110,865
32204,NoButton,Move,1108,862
32217,NoButton,Move,1103,858
32236,NoButton,Move,1096,849
32251,NoButton,Move,1087,836
32268,NoButton,Move,1076,821
32285,NoButton,Move,1067,809
32301,NoButton,Move,1059,798
32318,NoButton,Move,1051,790
32334,NoButton,Move,1046,784
32351,NoButton,Move,1041,779
32368,NoButton,Move,1037,775
32384,NoButton,Move,1035,773
32401,NoButton,Move,1033,771
32417,NoButton,Move,1032,770
32435,NoButton,Move,1031,770
32549,NoButton,Move,1031,769
32566,NoButton,Move,1032,769
32585,NoButton,Move,1034,770
32601,NoButton,Move,1037,772
32619,NoButton,Move,1041,775
32634,NoButton,Move,1047,779
32651,NoButton,Move,1052,782
32668,NoButton,Move,1057,786
32685,NoButton,Move,1062,789
32701,NoButton,Move,1066,792
32718,NoButton,Move,1071,795
32735,NoButton,Move,1075,799
32751,NoButton,Move,1080,802
32768,NoButton,Move,1085,805
32784,NoButton,Move,1090,809
32801,NoButton,Move,1094,812
32818,NoButton,Move,1098,815
32834,NoButton,Move,1101,817
32851,NoButton,Move,1102,818
32868,NoButton,Move,1104,819
32884,NoButton,Move,1104,819
32902,NoButton,Move,1105,820
32917,NoButton,Move,1106,821
32934,NoButton,Move,1106,821
32951,NoButton,Move,1107,822
32968,NoButton,Move,1107,822
32984,NoButton,Move,1108,822
33001,NoButton,Move,1108,823
33018,NoButton,Move,1108,823
33048,NoButton,Move,1109,823
33116,NoButton,Move,1109,823
33134,NoButton,Move,1109,824
33152,NoButton,Move,1109,824
33169,NoButton,Move,1110,824
33183,NoButton,Move,1110,824
33202,NoButton,Move,1110,824
33218,NoButton,Move,1111,825
33237,NoButton,Move,1112,825
33250,NoButton,Move,1113,826
33268,NoButton,Move,1115,827
33285,NoButton,Move,1119,829
33301,NoButton,Move,1122,831
33318,NoButton,Move,1125,833
33335,NoButton,Move,1127,835
33351,NoButton,Move,1129,836
33368,NoButton,Move,1130,836
33384,NoButton,Move,1131,837
33401,NoButton,Move,1131,837
33417,NoButton,Move,1132,838
33434,NoButton,Move,1132,838
33452,NoButton,Move,1133,838
33480,NoButton,Move,1133,839
33548,NoButton,Move,1133,839
34115,NoButton,Move,1133,839
34135,NoButton,Move,1133,838
34152,NoButton,Move,1133,838
34164,LeftButton,Released,1133,838
34167,NoButton,Move,1133,837
34585,NoButton,Move,1133,837
34601,NoButton,Move,1133,831
34617,NoButton,Move,1131,821
34633,NoButton,Move,1129,811
34651,NoButton,Move,1127,801
34667,NoButton,Move,1125,788
34684,NoButton,Move,1125,779
34701,NoButton,Move,1125,772
34718,NoButton,Move,1125,766
34734,NoButton,Move,1125,761
34751,NoButton,Move,1125,757
34767,NoButton,Move,1125,754
34784,NoButton,Move,1125,752
34801,NoButton,Move,1125,750
34818,NoButton,Move,1125,747
34835,NoButton,Move,1125,744
34851,NoButton,Move,1125,733
35854,NoButton,Move,1125,735
35869,NoButton,Move,1128,742
35884,NoButton,Move,1137,765
35901,NoButton,Move,1149,798
35918,NoButton,Move,1159,825
35935,NoButton,Move,1169,856
35951,NoButton,Move,1173,869
35967,NoButton,Move,1178,881
35985,NoButton,Move,1181,890
36001,NoButton,Move,1181,892
36017,NoButton,Move,1182,893
36034,NoButton,Move,1182,893
36051,NoButton,Move,1183,894
36067,NoButton,Move,1183,894
36085,NoButton,Move,1183,895
36101,NoButton,Move,1183,895
36134,NoButton,Move,1183,895
36150,NoButton,Move,1183,896
36167,NoButton,Move,1183,896
36184,NoButton,Move,1183,897
36201,NoButton,Move,1183,897
36217,NoButton,Move,1183,898
36234,NoButton,Move,1183,899
36252,NoButton,Move,1183,901
36267,NoButton,Move,1183,903
36285,NoButton,Move,1183,905
36302,NoButton,Move,1183,908
36317,NoButton,Move,1183,910
36333,NoButton,Move,1183,910
36350,NoButton,Move,1183,912
36366,NoButton,Move,1183,913
36384,NoButton,Move,1183,914
36401,NoButton,Move,1183,914
36418,NoButton,Move,1183,914
36720,NoButton,Move,1183,914
37038,NoButton,Move,1183,913
37134,NoButton,Move,1183,913
37495,NoButton,Move,1183,913
37592,NoButton,Move,1183,913
37651,NoButton,Move,1183,913
37681,NoButton,Move,1183,912
37718,NoButton,Move,1183,912
37737,NoButton,Move,1183,912
37798,NoButton,Move,1183,912
38072,NoButton,Move,1182,910
38085,NoButton,Move,1178,905
38101,NoButton,Move,1161,883
38118,NoButton,Move,1125,829
38134,NoButton,Move,1106,801
38151,NoButton,Move,1056,727
38168,NoButton,Move,1037,699
38184,NoButton,Move,984,624
38201,NoButton,Move,963,596
38217,NoButton,Move,953,585
38234,NoButton,Move,946,574
38251,NoButton,Move,941,569
38267,NoButton,Move,939,567
38284,NoButton,Move,938,567
38301,NoButton,Move,938,566
38368,NoButton,Move,939,567
38570,NoButton,Move,939,567
38585,NoButton,Move,938,571
38601,NoButton,Move,936,575
38618,NoButton,Move,933,579
38635,NoButton,Move,928,586
38651,NoButton,Move,923,594
38667,NoButton,Move,920,600
38684,NoButton,Move,916,607
38701,NoButton,Move,913,612
38718,NoButton,Move,912,615
38734,NoButton,Move,910,617
38752,NoButton,Move,910,618
38768,NoButton,Move,909,619
38784,NoButton,Move,909,619
38801,NoButton,Move,909,620
38818,NoButton,Move,908,621
38834,NoButton,Move,908,621
38851,NoButton,Move,908,621
38868,NoButton,Move,908,622
38884,NoButton,Move,907,622
38901,NoButton,Move,907,623
38917,NoButton,Move,906,623
38934,NoButton,Move,906,625
38951,NoButton,Move,904,626
38967,NoButton,Move,904,627
38984,NoButton,Move,902,627
39001,NoButton,Move,901,628
39017,NoButton,Move,900,629
39034,NoButton,Move,899,630
39051,NoButton,Move,898,630
39068,NoButton,Move,897,631
39084,NoButton,Move,897,631
39101,NoButton,Move,896,631
39118,NoButton,Move,896,632
39134,NoButton,Move,895,632
39151,NoButton,Move,895,633
39165,LeftButton,Pressed,895,633
39184,NoButton,Move,895,633
39314,NoButton,Move,895,634
39330,NoButton,Move,895,636
39347,NoButton,Move,896,639
39365,NoButton,Move,897,642
39382,NoButton,Move,898,645
39397,NoButton,Move,900,648
39415,NoButton,Move,901,651
39431,NoButton,Move,902,654
39451,NoButton,Move,903,655
39468,NoButton,Move,904,657
39484,NoButton,Move,905,659
39501,NoButton,Move,906,661
39517,NoButton,Move,907,663
39534,NoButton,Move,908,664
39551,NoButton,Move,909,665
39568,NoButton,Move,909,666
39584,NoButton,Move,910,667
39601,NoButton,Move,910,668
39618,NoButton,Move,910,668
39634,NoButton,Move,910,669
39717,NoButton,Move,911,669
39734,NoButton,Move,911,668
39751,NoButton,Move,910,667
39765,NoButton,Move,909,666
39766,LeftButton,Released,909,666
39767,NoButton,Move,908,665
40031,LeftButton,Pressed,908,665
40230,LeftButton,Released,908,665
40597,NoButton,Move,908,665
40630,NoButton,Move,908,665
40681,NoButton,Move,908,665
40729,NoButton,Move,907,665
40784,NoButton,Move,907,665
40964,NoButton,Move,907,665
40971,NoButton,Move,908,665
40984,NoButton,Move,908,665
41496,NoButton,Move,909,665
41518,NoButton,Move,929,683
41535,NoButton,Move,979,738
41551,NoButton,Move,1031,807
41568,NoButton,Move,1072,862
41584,NoButton,Move,1105,907
41601,NoButton,Move,1122,929
41617,NoButton,Move,1135,945
41635,NoButton,Move,1139,951
41651,NoButton,Move,1140,953
41668,NoButton,Move,1141,953
41722,NoButton,Move,1141,953
41735,NoButton,Move,1140,952
41751,NoButton,Move,1139,950
41768,NoButton,Move,1138,949
41785,NoButton,Move,1137,947
41800,NoButton,Move,1137,946
41817,NoButton,Move,1137,945
41834,NoButton,Move,1137,944
41850,NoButton,Move,1137,943
41868,NoButton,Move,1139,941
41884,NoButton,Move,1144,938
41901,NoButton,Move,1151,932
41918,NoButton,Move,1156,928
41934,NoButton,Move,1161,924
41951,NoButton,Move,1164,922
41967,NoButton,Move,1167,921
41984,NoButton,Move,1168,920
42001,NoButton,Move,1169,919
42035,LeftButton,Pressed,1169,919
42037,NoButton,Move,1169,919
42149,LeftButton,Released,1169,919
